{
    "c": {
        "precision": 0.8905775075987842,
        "recall": 0.9898648648648649,
        "f1-score": 0.9376,
        "support": 296
    },
    "cpp": {
        "precision": 0.978021978021978,
        "recall": 0.9050847457627119,
        "f1-score": 0.9401408450704225,
        "support": 295
    },
    "css": {
        "precision": 0.974910394265233,
        "recall": 0.9679715302491103,
        "f1-score": 0.9714285714285714,
        "support": 281
    },
    "haskell": {
        "precision": 0.9688581314878892,
        "recall": 0.9688581314878892,
        "f1-score": 0.9688581314878892,
        "support": 289
    },
    "html": {
        "precision": 0.9316770186335404,
        "recall": 0.967741935483871,
        "f1-score": 0.949367088607595,
        "support": 310
    },
    "java": {
        "precision": 0.9619377162629758,
        "recall": 0.9928571428571429,
        "f1-score": 0.977152899824253,
        "support": 280
    },
    "javascript": {
        "precision": 0.9731543624161074,
        "recall": 0.9764309764309764,
        "f1-score": 0.9747899159663865,
        "support": 297
    },
    "lua": {
        "precision": 0.9819494584837545,
        "recall": 0.9714285714285714,
        "f1-score": 0.9766606822262119,
        "support": 280
    },
    "objc": {
        "precision": 1.0,
        "recall": 0.9587301587301588,
        "f1-score": 0.9789303079416531,
        "support": 315
    },
    "perl": {
        "precision": 0.9863013698630136,
        "recall": 0.9536423841059603,
        "f1-score": 0.9696969696969696,
        "support": 302
    },
    "php": {
        "precision": 0.970873786407767,
        "recall": 0.9615384615384616,
        "f1-score": 0.966183574879227,
        "support": 312
    },
    "python": {
        "precision": 0.9372937293729373,
        "recall": 0.9562289562289562,
        "f1-score": 0.9466666666666668,
        "support": 297
    },
    "r": {
        "precision": 0.9889705882352942,
        "recall": 0.9711191335740073,
        "f1-score": 0.9799635701275046,
        "support": 277
    },
    "ruby": {
        "precision": 0.9484536082474226,
        "recall": 0.9752650176678446,
        "f1-score": 0.9616724738675959,
        "support": 283
    },
    "scala": {
        "precision": 0.9823943661971831,
        "recall": 0.9489795918367347,
        "f1-score": 0.9653979238754327,
        "support": 294
    },
    "sqlite": {
        "precision": 0.9649122807017544,
        "recall": 0.9717314487632509,
        "f1-score": 0.9683098591549295,
        "support": 283
    },
    "swift": {
        "precision": 0.996309963099631,
        "recall": 0.9854014598540146,
        "f1-score": 0.9908256880733946,
        "support": 274
    },
    "accuracy": 0.9657603222557906,
    "macro avg": {
        "precision": 0.9668586034879567,
        "recall": 0.9660514418155605,
        "f1-score": 0.9660967746408647,
        "support": 4965
    },
    "weighted avg": {
        "precision": 0.9666877185587108,
        "recall": 0.9657603222557906,
        "f1-score": 0.9658601667444732,
        "support": 4965
    }
}
